Workbook

Sheet Données
A1: Horodateur | B1: Profil | C1: Appareil | D1: Outils protection | E1: Préoccupation (1-5) | F1: Connaît IA | G1: IA : opportunité ou menace ? | H1: Nb outils IA/jour | I1: Craintes IA
A2: 46095.1 | B2: Etudiante | C2: smart phone | D2: VPN | E2: 3 | F2: Oui | G2: les deux à la fois | H2: Entre 3 et 6 outils d’IA par jour, souvent sans s’en rendre compte. | I2: Beaucoup de personnes craignent que l’intelligence artificielle remplace certains métiers, surtout les tâches répétitives ou automatisables.
A3: 46095.102 | B3: Etudiant | C3: smart phone | D3: Gestionnaire de mots de passe | E3: 5 | F3: Oui | G3: une opportunité(protection) | H3: entre 2 et 3 fois | I3: aucune
A4: 46095.107 | B4: Etudiante | C4: Ordinateur | D4: Anti-virus | E4: 2 | F4: Oui | G4: les deux à la fois | H4: Entre 1 et 2 outils par jour, car certaines personnes n’utilisent que quelques applications qui intègrent l’IA. | I4: La diminution des capacités humaines, car les personnes pourraient trop dépendre de l’IA pour réfléchir, apprendre ou prendre des décisions.
A5: 46095.111 | B5: Etudiante | C5: smart phone | D5: Anti-virus | E5: 3 | F5: Non
A6: 46095.112 | B6: Etudien | C6: Ordinateur | D6: Gestionnaire de mots de passe | E6: 1 | F6: Oui | G6: une menace | H6: Bien sur | I6: Rein
A7: 46095.112 | B7: Etudiant | C7: smart phone | D7: Gestionnaire de mots de passe | E7: 5 | F7: Oui | G7: une opportunité(protection) | H7: Plusieurs outils | I7: de ne pas trouver un mari CAPABLE a cause de l’ia
A8: 46095.112 | B8: Etudiante | C8: Ordinateur | D8: Anti-virus, Gestionnaire de mots de passe | E8: 3 | F8: Oui | G8: les deux à la fois | H8: Plusieurs outils | I8: Très dangereux
A9: 46095.114 | B9: Etudiant | C9: Ordinateur | D9: Anti-virus | E9: 2 | F9: Non
A10: 46095.116 | B10: Étudiante | C10: smart phone | D10: VPN, Gestionnaire de mots de passe | E10: 3 | F10: Oui
A11: 46095.116 | B11: Étudiant | C11: smart phone | D11: Gestionnaire de mots de passe | E11: 2 | F11: Oui
A12: 46095.122 | B12: Étudiante | C12: smart phone | D12: VPN | E12: 3 | F12: Oui | G12: les deux à la fois | H12: Entre 3 et 6 outils | I12: Beaucoup de personnes craignent que l’intelligence artificielle remplace certains métiers, surtout les tâches répétitives ou automatisables.
A13: 46095.123 | B13: Etudiant | C13: tablette | D13: pare-feu | E13: 1 | F13: Non
A14: 46095.124 | B14: Étudiante | C14: Ordinateur | D14: pare-feu | E14: 2 | F14: Oui | G14: une menace | H14: Environ 5 à 10 outils par jour. | I14: La perte d’emplois, les risques pour la vie privée et l’utilisation de l’IA pour des cyberattaques.
A15: 46095.124 | B15: Etudiante | C15: smart phone | D15: Anti-virus | E15: 5 | F15: Oui | G15: les deux à la fois | H15: 2 fois | I15: La plus grande crainte n'est pas que l'IA devienne trop intelligente, mais que les humains deviennent trop dépendants d'elle.
A16: 46095.125 | B16: Etudiante | C16: smart phone | D16: Gestionnaire de mots de passe | E16: 1 | F16: Non
A17: 46095.127 | B17: Étudiante | C17: smart phone | D17: Gestionnaire de mots de passe | E17: 1 | F17: Non
A18: 46095.142 | B18: Étudiant | C18: smart phone | D18: VPN | E18: 1 | F18: Oui | G18: les deux à la fois | H18: 2 | I18: • Mauvaise utilisation • Perte d’emplois • Dépendance des humains • Problèmes éthiques et de vie privée
A19: 46095.163 | B19: Etudiant | C19: smart phone | D19: Anti-virus, VPN | E19: 3 | F19: Oui | G19: les deux à la fois | H19: Les outils qu’ont l’utilise sans le savoir sont les réseaux sociaux | I19: Qu'ont l'utilise pour faire des mauvaises fins
A20: 46095.17 | B20: Etudiant | C20: smart phone | D20: Anti-virus, VPN | E20: 3 | F20: Oui | G20: les deux à la fois | H20: Je ne sais pas exactement, mais probablement plusieurs. | I20: Le manque de contrôle et de régulation de l’IA. La propagation de fausses informations générées par l’IA. Les risques pour la protection des données personnelles.
A21: 46095.293 | B21: Étudiant | C21: smart phone | D21: Gestionnaire de mots de passe | E21: 3 | F21: Non

Sheet Analyse
A1: ANALYSE – L'IA en cybersécurité : protection et menace
A3: ① Analyse numérique – Niveau de préoccupation face aux cyberattaques (1 à 5)
A4: Statistique | B4: Valeur
A5: Nombre de réponses | B5: =COUNTA(Données!E2:E21) -> 20
A6: Minimum | B6: =MIN(Données!E2:E21) -> 1
A7: Maximum | B7: =MAX(Données!E2:E21) -> 5
A8: Moyenne | B8: =AVERAGE(Données!E2:E21) -> 2.6
A10: ② Analyse catégorielle – L'IA : opportunité ou menace ?
A11: Réponse | B11: Nombre | C11: Pourcentage
A12: Opportunité (protection) | B12: =COUNTIF(Données!G2:G21,"*opportunit*") -> 2 | C12: =B12/SUM($B$12:$B$14) -> 0.16666667
A13: Menace | B13: =COUNTIF(Données!G2:G21,"*menace*") -> 2 | C13: =B13/SUM($B$12:$B$14) -> 0.16666667
A14: Les deux à la fois | B14: =COUNTIF(Données!G2:G21,"*deux*") -> 8 | C14: =B14/SUM($B$12:$B$14) -> 0.66666667
A15: TOTAL | B15: =SUM(B12:B14) -> 12
A17: ③ Analyse – Connaissance de l'IA en cybersécurité
A18: Réponse | B18: Nombre | C18: Pourcentage
A19: Oui | B19: =COUNTIF(Données!F2:F21,"Oui") -> 14 | C19: =B19/SUM($B$19:$B$20) -> 0.7
A20: Non | B20: =COUNTIF(Données!F2:F21,"Non") -> 6 | C20: =B20/SUM($B$19:$B$20) -> 0.3
A21: TOTAL | B21: =SUM(B19:B20) -> 20 | C21: =C19+C20 -> 1
A24: Niveau | B24: Nb répondants
A25: 1 | B25: =COUNTIF(Données!E$2:E$21,A25) -> 5
A26: 2 | B26: =COUNTIF(Données!E$2:E$21,A26) -> 4
A27: 3 | B27: =COUNTIF(Données!E$2:E$21,A27) -> 8
A28: 4 | B28: =COUNTIF(Données!E$2:E$21,A28) -> 0
A29: 5 | B29: =COUNTIF(Données!E$2:E$21,A29) -> 3
